formula,group,fold
AgNbLaAlO6,1,5
AgNbLaGaO6,2,3
AgNbLaInO6,3,3
AgNbMgTiO6,4,4
AgNbSnTiO6,5,1
AgNbYAlO6,6,2
AgTaAgNbO6,7,5
AgTaBaSnO6,8,4
AgTaBaTiO6,9,1
AgTaCaGeO6,10,2
AgTaCaSiO6,11,5
AgTaCaSnO6,12,1
AgTaCaTiO6,13,2
AgTaCsNbO6,14,1
AgTaCsVO6,15,5
AgTaGaNbO6,16,2
AgTaGaTaO6,17,4
AgTaKNbO6,18,3
AgTaKSbO6,19,4
AgTaLaAlO6,20,2
AgTaLaGaO6,21,1
AgTaLaInO6,22,4
AgTaLiNbO6,23,4
AgTaLiVO6,24,5
AgTaMgTiO6,25,4
AgTaNaNbO6,26,1
AgTaNaSbO6,27,4
AgTaNaVO6,28,2
AgTaPbHfO6,29,4
AgTaPbTiO6,30,5
AgTaPbZrO6,31,1
AgTaRbNbO6,32,1
AgTaSnHfO6,33,2
AgTaSnTiO6,34,5
AgTaSnZrO6,35,1
AgTaSrGeO6,36,3
AgTaSrSiO6,37,2
AgTaSrSnO6,38,5
AgTaSrTiO6,39,2
AgTaTlNbO6,40,4
AgTaYAlO6,41,1
BaHfAgNbO6,42,4
BaHfAgTaO6,43,3
BaHfBaSnO6,44,3
BaHfBaTiO6,45,1
BaHfBaZrO6,46,2
BaHfCaGeO6,47,5
BaHfCaHfO6,48,5
BaHfCaSiO6,49,1
BaHfCaSnO6,50,1
BaHfCaTiO6,51,3
BaHfCaZrO6,52,1
BaHfCsNbO6,53,4
BaHfCsTaO6,54,5
BaHfCsVO6,55,1
BaHfGaNbO6,56,5
BaHfGaTaO6,57,1
BaHfInNbO6,58,2
BaHfInTaO6,59,1
BaHfKNbO6,60,1
BaHfKSbO6,61,2
BaHfKTaO6,62,1
BaHfLaAlO6,63,1
BaHfLaGaO6,64,4
BaHfLaInO6,65,1
BaHfLaScO6,66,5
BaHfLiNbO6,67,2
BaHfLiTaO6,68,3
BaHfLiVO6,69,3
BaHfMgTiO6,70,2
BaHfMgZrO6,71,4
BaHfNaNbO6,72,2
BaHfNaSbO6,73,5
BaHfNaTaO6,74,1
BaHfNaVO6,75,2
BaHfPbHfO6,76,2
BaHfPbTiO6,77,5
BaHfPbZrO6,78,5
BaHfRbNbO6,79,4
BaHfRbTaO6,80,2
BaHfSnHfO6,81,1
BaHfSnTiO6,82,5
BaHfSnZrO6,83,4
BaHfSrGeO6,84,1
BaHfSrHfO6,85,5
BaHfSrSiO6,86,4
BaHfSrSnO6,87,5
BaHfSrTiO6,88,2
BaHfSrZrO6,89,5
BaHfTlNbO6,90,5
BaHfTlTaO6,91,5
BaHfYAlO6,92,1
BaSnAgNbO6,93,1
BaSnBaTiO6,94,1
BaSnCaGeO6,95,5
BaSnCaSiO6,96,4
BaSnCaSnO6,97,5
BaSnCaTiO6,98,1
BaSnLaAlO6,99,2
BaSnLaGaO6,100,2
BaSnLaInO6,101,2
BaSnLiNbO6,102,4
BaSnLiVO6,103,2
BaSnMgTiO6,104,4
BaSnMgZrO6,105,3
BaSnNaNbO6,106,4
BaSnNaSbO6,107,5
BaSnNaVO6,108,1
BaSnSnTiO6,109,5
BaSnSrGeO6,110,2
BaSnSrSiO6,111,2
BaSnSrSnO6,112,4
BaSnSrTiO6,113,5
BaTiAgNbO6,114,4
BaTiCaGeO6,115,3
BaTiCaSiO6,116,3
BaTiCaSnO6,98,1
BaTiCaTiO6,117,3
BaTiCsNbO6,118,3
BaTiCsVO6,119,3
BaTiLaAlO6,120,4
BaTiLaGaO6,121,2
BaTiLaInO6,122,2
BaTiLiNbO6,123,4
BaTiLiVO6,124,2
BaTiMgTiO6,125,4
BaTiMgZrO6,126,5
BaTiNaNbO6,127,1
BaTiNaSbO6,128,3
BaTiNaVO6,129,3
BaTiSnTiO6,130,3
BaTiSrGeO6,131,3
BaTiSrSiO6,132,4
BaTiSrSnO6,113,5
BaTiSrTiO6,133,5
BaTiTlTaO6,134,3
BaTiYAlO6,135,4
BaZrAgNbO6,136,3
BaZrAgTaO6,137,5
BaZrBaSnO6,138,4
BaZrBaTiO6,139,3
BaZrCaGeO6,140,4
BaZrCaSiO6,141,4
BaZrCaSnO6,142,3
BaZrCaTiO6,143,1
BaZrCaZrO6,144,4
BaZrCsNbO6,145,4
BaZrCsTaO6,146,5
BaZrCsVO6,147,2
BaZrGaNbO6,148,2
BaZrGaTaO6,149,4
BaZrInNbO6,150,1
BaZrInTaO6,151,1
BaZrKNbO6,152,1
BaZrKSbO6,153,1
BaZrKTaO6,154,3
BaZrLaAlO6,155,1
BaZrLaGaO6,156,5
BaZrLaInO6,157,4
BaZrLaScO6,158,4
BaZrLiNbO6,159,5
BaZrLiTaO6,160,2
BaZrLiVO6,161,1
BaZrMgTiO6,126,5
BaZrMgZrO6,162,4
BaZrNaNbO6,163,3
BaZrNaSbO6,164,2
BaZrNaTaO6,165,2
BaZrNaVO6,166,2
BaZrPbHfO6,78,5
BaZrPbTiO6,167,3
BaZrPbZrO6,168,4
BaZrRbNbO6,169,4
BaZrRbTaO6,170,2
BaZrSnHfO6,83,4
BaZrSnTiO6,171,5
BaZrSnZrO6,172,5
BaZrSrGeO6,173,1
BaZrSrHfO6,89,5
BaZrSrSiO6,174,2
BaZrSrSnO6,175,2
BaZrSrTiO6,176,2
BaZrSrZrO6,177,1
BaZrTlNbO6,178,1
BaZrTlTaO6,179,4
BaZrYAlO6,180,3
CaGeAgNbO6,181,5
CaGeCaSiO6,182,2
CaGeCaSnO6,183,5
CaGeCaTiO6,184,1
CaGeLaAlO6,185,3
CaGeLaGaO6,186,2
CaGeLaInO6,187,3
CaGeMgTiO6,188,4
CaGeSnTiO6,189,3
CaGeYAlO6,190,3
CaHfAgNbO6,191,4
CaHfAgTaO6,192,1
CaHfBaSnO6,50,1
CaHfBaTiO6,51,3
CaHfBaZrO6,52,1
CaHfCaGeO6,193,5
CaHfCaSiO6,194,5
CaHfCaSnO6,195,4
CaHfCaTiO6,196,1
CaHfCaZrO6,197,1
CaHfCsNbO6,198,4
CaHfCsVO6,199,2
CaHfGaNbO6,200,4
CaHfGaTaO6,201,2
CaHfInNbO6,202,3
CaHfInTaO6,203,3
CaHfKNbO6,204,5
CaHfKSbO6,205,4
CaHfLaAlO6,206,2
CaHfLaGaO6,207,5
CaHfLaInO6,208,1
CaHfLaScO6,209,1
CaHfLiNbO6,210,2
CaHfLiVO6,211,2
CaHfMgTiO6,212,2
CaHfMgZrO6,213,2
CaHfNaNbO6,214,1
CaHfNaSbO6,215,1
CaHfNaTaO6,216,4
CaHfNaVO6,217,1
CaHfPbHfO6,218,4
CaHfPbTiO6,219,2
CaHfPbZrO6,220,2
CaHfRbNbO6,221,2
CaHfSnHfO6,222,1
CaHfSnTiO6,223,2
CaHfSnZrO6,224,5
CaHfSrGeO6,225,4
CaHfSrHfO6,226,4
CaHfSrSiO6,227,3
CaHfSrSnO6,228,5
CaHfSrTiO6,229,1
CaHfSrZrO6,230,4
CaHfTlNbO6,231,1
CaHfTlTaO6,232,5
CaHfYAlO6,233,4
CaSiAgNbO6,234,3
CaSiCaSnO6,235,3
CaSiCaTiO6,236,1
CaSiLaAlO6,237,1
CaSiLaGaO6,238,5
CaSiLaInO6,239,4
CaSiMgTiO6,240,5
CaSiSnTiO6,241,1
CaSiYAlO6,242,1
CaSnAgNbO6,243,5
CaSnCaTiO6,244,2
CaSnLaAlO6,245,4
CaSnLaGaO6,246,5
CaSnLaInO6,247,4
CaSnMgTiO6,248,1
CaSnSnTiO6,249,3
CaSnYAlO6,250,3
CaTiAgNbO6,251,3
CaTiLaAlO6,252,4
CaTiLaGaO6,253,3
CaTiLaInO6,254,4
CaTiMgTiO6,255,5
CaTiSnTiO6,256,2
CaTiYAlO6,257,3
CaZrAgNbO6,258,5
CaZrAgTaO6,259,2
CaZrBaSnO6,142,3
CaZrBaTiO6,143,1
CaZrCaGeO6,260,5
CaZrCaSiO6,261,1
CaZrCaSnO6,262,2
CaZrCaTiO6,263,4
CaZrCsNbO6,264,2
CaZrCsVO6,265,3
CaZrGaNbO6,266,4
CaZrGaTaO6,267,5
CaZrInNbO6,268,2
CaZrInTaO6,269,3
CaZrKNbO6,270,4
CaZrKSbO6,271,5
CaZrLaAlO6,272,2
CaZrLaGaO6,273,5
CaZrLaInO6,274,4
CaZrLaScO6,275,2
CaZrLiNbO6,276,5
CaZrLiTaO6,277,2
CaZrLiVO6,278,1
CaZrMgTiO6,279,4
CaZrMgZrO6,280,5
CaZrNaNbO6,281,2
CaZrNaSbO6,282,5
CaZrNaTaO6,283,1
CaZrNaVO6,284,5
CaZrPbHfO6,220,2
CaZrPbTiO6,285,3
CaZrPbZrO6,286,4
CaZrRbNbO6,287,2
CaZrSnHfO6,224,5
CaZrSnTiO6,288,1
CaZrSrGeO6,289,3
CaZrSrHfO6,230,4
CaZrSrSiO6,290,4
CaZrSrSnO6,291,3
CaZrSrTiO6,292,3
CaZrSrZrO6,293,2
CaZrTlNbO6,294,2
CaZrTlTaO6,295,3
CaZrYAlO6,296,4
CsNbAgNbO6,297,3
CsNbBaSnO6,298,4
CsNbCaGeO6,299,5
CsNbCaSiO6,300,1
CsNbCaSnO6,301,2
CsNbCaTiO6,302,3
CsNbCsTaO6,303,3
CsNbGaNbO6,304,5
CsNbGaTaO6,305,4
CsNbInNbO6,306,3
CsNbKNbO6,307,1
CsNbKSbO6,308,1
CsNbLaAlO6,309,1
CsNbLaGaO6,310,4
CsNbLaInO6,311,4
CsNbLiNbO6,312,4
CsNbMgTiO6,313,3
CsNbMgZrO6,314,2
CsNbNaNbO6,315,3
CsNbNaSbO6,316,3
CsNbPbHfO6,317,3
CsNbPbTiO6,318,3
CsNbPbZrO6,319,1
CsNbRbNbO6,320,2
CsNbSnHfO6,321,3
CsNbSnTiO6,322,5
CsNbSnZrO6,323,2
CsNbSrGeO6,324,5
CsNbSrSiO6,325,4
CsNbSrSnO6,326,5
CsNbSrTiO6,327,2
CsNbTlNbO6,328,2
CsNbYAlO6,329,3
CsTaAgNbO6,14,1
CsTaAgTaO6,330,4
CsTaBaSnO6,331,1
CsTaBaTiO6,332,3
CsTaCaGeO6,333,2
CsTaCaHfO6,334,4
CsTaCaSiO6,335,2
CsTaCaSnO6,336,3
CsTaCaTiO6,337,2
CsTaCaZrO6,338,4
CsTaCsVO6,339,2
CsTaGaNbO6,305,4
CsTaGaTaO6,340,5
CsTaKNbO6,341,5
CsTaKSbO6,342,2
CsTaKTaO6,343,1
CsTaLaAlO6,344,1
CsTaLaGaO6,345,2
CsTaLaInO6,346,2
CsTaLaScO6,347,3
CsTaLiNbO6,348,3
CsTaLiTaO6,349,2
CsTaLiVO6,350,3
CsTaMgTiO6,351,2
CsTaMgZrO6,352,1
CsTaNaNbO6,353,3
CsTaNaSbO6,354,5
CsTaNaTaO6,355,4
CsTaNaVO6,356,2
CsTaPbHfO6,357,3
CsTaPbTiO6,358,5
CsTaPbZrO6,359,3
CsTaRbNbO6,360,3
CsTaRbTaO6,361,4
CsTaSnHfO6,362,1
CsTaSnTiO6,363,1
CsTaSnZrO6,364,2
CsTaSrGeO6,365,3
CsTaSrHfO6,366,1
CsTaSrSiO6,367,3
CsTaSrSnO6,368,2
CsTaSrTiO6,369,2
CsTaSrZrO6,370,5
CsTaTlNbO6,371,1
CsTaTlTaO6,372,4
CsTaYAlO6,373,4
CsVBaSnO6,374,4
CsVCaGeO6,375,1
CsVCaSiO6,376,1
CsVCaSnO6,377,4
CsVCaTiO6,378,3
CsVGaNbO6,379,5
CsVGaTaO6,380,3
CsVKSbO6,381,1
CsVLaAlO6,382,1
CsVLaGaO6,383,4
CsVLaInO6,384,4
CsVLiVO6,385,2
CsVMgZrO6,386,3
CsVNaSbO6,387,2
CsVNaVO6,388,1
CsVPbTiO6,389,5
CsVSnTiO6,390,2
CsVSrGeO6,391,3
CsVSrSiO6,392,1
CsVSrSnO6,393,5
CsVSrTiO6,394,1
CsVTlTaO6,395,5
CsVYAlO6,396,1
GaNbAgNbO6,397,1
GaNbBaSnO6,398,2
GaNbBaTiO6,399,3
GaNbCaGeO6,400,5
GaNbCaSiO6,401,2
GaNbCaSnO6,402,5
GaNbCaTiO6,403,1
GaNbLaAlO6,404,2
GaNbLaGaO6,405,1
GaNbLaInO6,406,3
GaNbLiNbO6,407,5
GaNbMgTiO6,408,3
GaNbMgZrO6,409,5
GaNbNaNbO6,410,5
GaNbNaSbO6,411,4
GaNbPbTiO6,412,1
GaNbSnTiO6,413,4
GaNbSrGeO6,414,4
GaNbSrSiO6,415,5
GaNbSrSnO6,416,5
GaNbSrTiO6,417,3
GaNbYAlO6,418,4
GaTaAgNbO6,16,2
GaTaBaSnO6,419,2
GaTaBaTiO6,420,3
GaTaCaGeO6,421,5
GaTaCaSiO6,422,5
GaTaCaSnO6,423,3
GaTaCaTiO6,424,2
GaTaGaNbO6,425,5
GaTaKNbO6,426,3
GaTaKSbO6,427,5
GaTaLaAlO6,428,1
GaTaLaGaO6,429,1
GaTaLaInO6,430,1
GaTaLaScO6,431,3
GaTaLiNbO6,432,1
GaTaMgTiO6,433,2
GaTaMgZrO6,434,4
GaTaNaNbO6,435,5
GaTaNaSbO6,436,1
GaTaPbTiO6,437,2
GaTaPbZrO6,438,1
GaTaRbNbO6,439,5
GaTaSnTiO6,440,5
GaTaSrGeO6,441,5
GaTaSrSiO6,442,3
GaTaSrSnO6,443,3
GaTaSrTiO6,444,3
GaTaTlNbO6,445,4
GaTaTlTaO6,446,3
GaTaYAlO6,447,2
GeTiAgNbO6,448,4
GeTiAgTaO6,449,4
GeTiBaHfO6,450,3
GeTiBaSnO6,451,2
GeTiBaTiO6,452,2
GeTiBaZrO6,453,4
GeTiCaGeO6,454,4
GeTiCaHfO6,455,1
GeTiCaSiO6,456,4
GeTiCaSnO6,457,5
GeTiCaTiO6,458,3
GeTiCaZrO6,459,4
GeTiCsNbO6,460,4
GeTiCsTaO6,461,5
GeTiCsVO6,462,5
GeTiGaNbO6,463,2
GeTiGaTaO6,464,4
GeTiInNbO6,465,3
GeTiInTaO6,466,5
GeTiKNbO6,467,3
GeTiKSbO6,468,5
GeTiKTaO6,469,4
GeTiLaAlO6,470,1
GeTiLaGaO6,471,2
GeTiLaInO6,472,3
GeTiLaScO6,473,5
GeTiLiNbO6,474,5
GeTiLiTaO6,475,1
GeTiLiVO6,476,1
GeTiMgTiO6,477,2
GeTiMgZrO6,478,3
GeTiNaNbO6,479,4
GeTiNaSbO6,480,3
GeTiNaTaO6,481,5
GeTiNaVO6,482,4
GeTiPbHfO6,483,5
GeTiPbTiO6,484,1
GeTiPbZrO6,485,4
GeTiRbNbO6,486,5
GeTiRbTaO6,487,3
GeTiSnHfO6,488,3
GeTiSnTiO6,489,1
GeTiSnZrO6,490,3
GeTiSrGeO6,491,4
GeTiSrHfO6,492,2
GeTiSrSiO6,493,2
GeTiSrSnO6,494,5
GeTiSrTiO6,495,4
GeTiSrZrO6,496,4
GeTiTlNbO6,497,3
GeTiTlTaO6,498,3
GeTiYAlO6,499,4
InNbBaSnO6,500,4
InNbCaGeO6,501,4
InNbCaSnO6,502,2
InNbGaNbO6,503,5
InNbLaAlO6,504,5
InNbLaGaO6,505,3
InNbLaInO6,506,2
InNbLiNbO6,507,5
InNbMgTiO6,508,2
InNbMgZrO6,509,2
InNbNaNbO6,510,2
InNbNaSbO6,511,2
InNbSrGeO6,512,5
InNbSrSnO6,513,2
InNbYAlO6,514,5
InTaBaSnO6,515,2
InTaCaGeO6,516,3
InTaCaSnO6,517,5
InTaLaAlO6,518,4
InTaLaInO6,519,1
InTaLaScO6,520,4
InTaNaSbO6,521,1
InTaPbHfO6,522,2
InTaPbZrO6,523,2
InTaSnHfO6,524,5
InTaSnZrO6,525,1
InTaSrSiO6,526,2
InTaSrSnO6,527,4
InTaYAlO6,528,5
KNbAgNbO6,529,5
KNbBaSnO6,530,5
KNbBaTiO6,531,3
KNbCaGeO6,532,5
KNbCaSiO6,533,5
KNbCaSnO6,534,2
KNbCaTiO6,535,2
KNbGaNbO6,536,5
KNbKSbO6,537,1
KNbLaAlO6,538,2
KNbLaGaO6,539,3
KNbLaInO6,540,4
KNbLiNbO6,541,3
KNbMgTiO6,542,3
KNbMgZrO6,543,2
KNbNaNbO6,544,5
KNbNaSbO6,545,3
KNbPbTiO6,546,3
KNbRbNbO6,547,2
KNbSnTiO6,548,1
KNbSrGeO6,549,1
KNbSrSiO6,550,4
KNbSrSnO6,551,3
KNbSrTiO6,552,4
KNbTlNbO6,553,1
KNbYAlO6,554,2
KSbAgNbO6,555,4
KSbBaTiO6,556,5
KSbCaGeO6,557,5
KSbCaSiO6,558,5
KSbCaSnO6,559,4
KSbCaTiO6,560,1
KSbGaNbO6,561,3
KSbLaAlO6,562,2
KSbLaGaO6,563,3
KSbLaInO6,564,5
KSbLiNbO6,565,1
KSbLiVO6,566,2
KSbMgTiO6,567,3
KSbMgZrO6,568,1
KSbNaNbO6,545,3
KSbNaVO6,569,2
KSbPbTiO6,570,5
KSbRbNbO6,571,5
KSbSnHfO6,572,1
KSbSnTiO6,573,1
KSbSrSiO6,574,5
KSbSrSnO6,575,4
KSbSrTiO6,576,3
KSbTlNbO6,577,3
KSbYAlO6,578,1
KTaAgNbO6,18,3
KTaAgTaO6,579,1
KTaBaSnO6,580,3
KTaBaTiO6,581,4
KTaCaGeO6,582,5
KTaCaHfO6,583,1
KTaCaSiO6,584,3
KTaCaSnO6,585,4
KTaCaTiO6,586,4
KTaCaZrO6,587,2
KTaCsNbO6,341,5
KTaCsVO6,588,3
KTaGaNbO6,426,3
KTaGaTaO6,589,2
KTaKNbO6,590,1
KTaKSbO6,591,3
KTaLaAlO6,592,4
KTaLaGaO6,593,3
KTaLaInO6,594,1
KTaLaScO6,595,3
KTaLiNbO6,596,3
KTaLiTaO6,597,5
KTaLiVO6,598,2
KTaMgTiO6,599,1
KTaMgZrO6,600,3
KTaNaNbO6,601,5
KTaNaSbO6,602,5
KTaNaTaO6,603,1
KTaNaVO6,604,4
KTaPbHfO6,605,1
KTaPbTiO6,606,3
KTaPbZrO6,607,4
KTaRbNbO6,608,3
KTaRbTaO6,609,4
KTaSnHfO6,610,4
KTaSnTiO6,611,5
KTaSnZrO6,612,3
KTaSrGeO6,613,4
KTaSrHfO6,614,1
KTaSrSiO6,615,5
KTaSrSnO6,616,1
KTaSrTiO6,617,5
KTaSrZrO6,618,4
KTaTlNbO6,619,3
KTaTlTaO6,620,1
KTaYAlO6,621,5
LaAlLaGaO6,622,4
LaAlLaInO6,623,4
LaAlMgTiO6,624,3
LaAlSnTiO6,625,1
LaAlYAlO6,626,5
LaGaLaInO6,627,1
LaGaMgTiO6,628,5
LaGaSnTiO6,629,1
LaGaYAlO6,630,5
LaInMgTiO6,631,3
LaInSnTiO6,632,3
LaInYAlO6,633,2
LaScAgNbO6,634,1
LaScAgTaO6,635,4
LaScBaSnO6,636,2
LaScBaTiO6,637,4
LaScCaGeO6,638,3
LaScCaSiO6,639,1
LaScCaSnO6,640,2
LaScCaTiO6,641,4
LaScCsNbO6,642,2
LaScCsVO6,643,2
LaScGaNbO6,644,2
LaScInNbO6,645,1
LaScKNbO6,646,1
LaScKSbO6,647,5
LaScLaAlO6,648,5
LaScLaGaO6,649,4
LaScLaInO6,650,5
LaScLiNbO6,651,3
LaScLiTaO6,652,3
LaScLiVO6,653,2
LaScMgTiO6,654,5
LaScMgZrO6,655,2
LaScNaNbO6,656,4
LaScNaSbO6,657,4
LaScNaVO6,658,4
LaScPbHfO6,659,4
LaScPbTiO6,660,3
LaScPbZrO6,661,1
LaScRbNbO6,662,1
LaScSnHfO6,663,2
LaScSnTiO6,664,4
LaScSnZrO6,665,5
LaScSrGeO6,666,4
LaScSrHfO6,667,1
LaScSrSiO6,668,4
LaScSrSnO6,669,1
LaScSrTiO6,670,3
LaScSrZrO6,671,3
LaScTlNbO6,672,3
LaScTlTaO6,673,2
LaScYAlO6,674,2
LiNbAgNbO6,675,5
LiNbCaGeO6,676,2
LiNbCaSiO6,677,1
LiNbCaSnO6,678,3
LiNbCaTiO6,679,3
LiNbLaAlO6,680,4
LiNbLaGaO6,681,4
LiNbLaInO6,682,2
LiNbMgTiO6,683,2
LiNbSnTiO6,684,1
LiNbSrGeO6,685,2
LiNbSrSnO6,686,4
LiNbYAlO6,687,2
LiTaAgNbO6,23,4
LiTaAgTaO6,688,3
LiTaBaSnO6,689,1
LiTaBaTiO6,690,5
LiTaCaGeO6,691,3
LiTaCaHfO6,692,3
LiTaCaSiO6,693,4
LiTaCaSnO6,694,3
LiTaCaTiO6,695,4
LiTaCsNbO6,348,3
LiTaCsVO6,350,3
LiTaGaNbO6,432,1
LiTaGaTaO6,696,5
LiTaKNbO6,596,3
LiTaKSbO6,697,3
LiTaLaAlO6,698,5
LiTaLaGaO6,699,5
LiTaLaInO6,700,1
LiTaLiNbO6,701,5
LiTaLiVO6,702,4
LiTaMgTiO6,703,5
LiTaMgZrO6,704,1
LiTaNaNbO6,705,2
LiTaNaSbO6,706,1
LiTaNaTaO6,707,4
LiTaNaVO6,708,2
LiTaPbHfO6,709,1
LiTaPbTiO6,710,1
LiTaPbZrO6,711,5
LiTaRbNbO6,712,1
LiTaSnHfO6,713,3
LiTaSnTiO6,714,5
LiTaSnZrO6,715,3
LiTaSrGeO6,716,1
LiTaSrHfO6,717,3
LiTaSrSiO6,718,4
LiTaSrSnO6,719,5
LiTaSrTiO6,720,3
LiTaTlNbO6,721,1
LiTaTlTaO6,722,4
LiTaYAlO6,723,5
LiVAgNbO6,724,2
LiVCaGeO6,725,3
LiVCaSiO6,726,2
LiVCaSnO6,727,5
LiVCaTiO6,728,2
LiVCsNbO6,729,2
LiVKNbO6,730,2
LiVLaAlO6,731,3
LiVLaGaO6,732,4
LiVLaInO6,733,1
LiVLiNbO6,734,4
LiVMgTiO6,735,4
LiVRbNbO6,736,5
LiVSnTiO6,737,2
LiVSrSnO6,738,1
LiVTlNbO6,739,3
LiVYAlO6,740,4
MgTiSnTiO6,741,1
MgTiYAlO6,742,4
MgZrAgNbO6,743,2
MgZrAgTaO6,744,3
MgZrCaGeO6,745,2
MgZrCaSiO6,746,1
MgZrCaSnO6,747,5
MgZrCaTiO6,279,4
MgZrInTaO6,748,4
MgZrLaAlO6,749,3
MgZrLaGaO6,750,4
MgZrLaInO6,751,3
MgZrLiNbO6,752,1
MgZrLiVO6,753,3
MgZrMgTiO6,754,2
MgZrNaNbO6,755,5
MgZrNaSbO6,756,4
MgZrNaVO6,757,1
MgZrPbHfO6,758,2
MgZrPbTiO6,759,3
MgZrPbZrO6,760,2
MgZrRbNbO6,761,3
MgZrSnHfO6,762,3
MgZrSnTiO6,763,2
MgZrSnZrO6,764,5
MgZrSrGeO6,765,1
MgZrSrSiO6,766,1
MgZrSrSnO6,767,5
MgZrSrTiO6,768,3
MgZrTlNbO6,769,1
MgZrTlTaO6,770,4
MgZrYAlO6,771,4
NaNbAgNbO6,772,4
NaNbCaGeO6,773,1
NaNbCaSiO6,774,5
NaNbCaSnO6,775,4
NaNbCaTiO6,776,1
NaNbLaAlO6,777,3
NaNbLaGaO6,778,3
NaNbLaInO6,779,1
NaNbLiNbO6,780,5
NaNbLiVO6,781,5
NaNbMgTiO6,782,4
NaNbNaSbO6,783,5
NaNbNaVO6,784,4
NaNbSnTiO6,785,1
NaNbSrGeO6,786,1
NaNbSrSiO6,787,5
NaNbSrSnO6,788,2
NaNbSrTiO6,789,3
NaNbYAlO6,790,3
NaSbAgNbO6,791,3
NaSbCaGeO6,792,1
NaSbCaSiO6,793,2
NaSbCaSnO6,794,2
NaSbCaTiO6,795,2
NaSbLaAlO6,796,5
NaSbLaGaO6,797,5
NaSbLaInO6,798,1
NaSbLiNbO6,799,3
NaSbLiVO6,800,3
NaSbMgTiO6,801,2
NaSbNaVO6,802,5
NaSbSnTiO6,803,5
NaSbSrGeO6,804,1
NaSbSrSiO6,805,5
NaSbSrSnO6,806,3
NaSbSrTiO6,807,2
NaSbYAlO6,808,2
NaTaAgNbO6,26,1
NaTaAgTaO6,809,5
NaTaBaSnO6,810,5
NaTaBaTiO6,811,4
NaTaCaGeO6,812,4
NaTaCaSiO6,813,3
NaTaCaSnO6,814,2
NaTaCaTiO6,815,2
NaTaCsNbO6,353,3
NaTaCsVO6,356,2
NaTaGaNbO6,435,5
NaTaGaTaO6,816,3
NaTaKNbO6,601,5
NaTaKSbO6,602,5
NaTaLaAlO6,817,2
NaTaLaGaO6,818,3
NaTaLaInO6,819,1
NaTaLaScO6,820,1
NaTaLiNbO6,705,2
NaTaLiVO6,708,2
NaTaMgTiO6,821,2
NaTaMgZrO6,822,2
NaTaNaNbO6,823,5
NaTaNaSbO6,824,1
NaTaNaVO6,825,3
NaTaPbHfO6,826,5
NaTaPbTiO6,827,1
NaTaPbZrO6,828,1
NaTaRbNbO6,829,3
NaTaSnHfO6,830,5
NaTaSnTiO6,831,5
NaTaSnZrO6,832,2
NaTaSrGeO6,833,2
NaTaSrHfO6,834,1
NaTaSrSiO6,835,2
NaTaSrSnO6,836,4
NaTaSrTiO6,837,4
NaTaSrZrO6,838,2
NaTaTlNbO6,839,4
NaTaTlTaO6,840,5
NaTaYAlO6,841,4
NaVAgNbO6,842,1
NaVCaGeO6,843,2
NaVCaSiO6,844,1
NaVCaSnO6,845,2
NaVCaTiO6,846,1
NaVKNbO6,847,5
NaVLaAlO6,848,1
NaVLaGaO6,849,2
NaVLaInO6,850,4
NaVLiNbO6,781,5
NaVLiVO6,851,1
NaVMgTiO6,852,2
NaVRbNbO6,853,1
NaVSnTiO6,854,5
NaVSrGeO6,855,4
NaVSrSiO6,856,5
NaVSrSnO6,857,4
NaVSrTiO6,858,5
NaVTlNbO6,859,1
NaVYAlO6,860,1
PbHfAgNbO6,861,3
PbHfBaSnO6,862,4
PbHfBaTiO6,77,5
PbHfCaGeO6,863,2
PbHfCaSiO6,864,5
PbHfCaSnO6,865,4
PbHfCaTiO6,219,2
PbHfCsVO6,866,5
PbHfGaNbO6,867,2
PbHfGaTaO6,868,1
PbHfInNbO6,869,2
PbHfKNbO6,870,5
PbHfKSbO6,871,4
PbHfLaAlO6,872,4
PbHfLaGaO6,873,5
PbHfLaInO6,874,1
PbHfLiNbO6,875,3
PbHfLiVO6,876,3
PbHfMgTiO6,877,5
PbHfNaNbO6,878,5
PbHfNaSbO6,879,1
PbHfNaVO6,880,3
PbHfPbTiO6,881,1
PbHfPbZrO6,882,3
PbHfRbNbO6,883,3
PbHfSnHfO6,884,3
PbHfSnTiO6,885,4
PbHfSnZrO6,886,2
PbHfSrGeO6,887,2
PbHfSrSiO6,888,3
PbHfSrSnO6,889,1
PbHfSrTiO6,890,2
PbHfTlNbO6,891,1
PbHfTlTaO6,892,4
PbHfYAlO6,893,5
PbTiAgNbO6,894,1
PbTiBaSnO6,895,2
PbTiBaTiO6,896,4
PbTiCaGeO6,897,3
PbTiCaSiO6,898,2
PbTiCaSnO6,899,2
PbTiCaTiO6,900,2
PbTiLaAlO6,901,4
PbTiLaGaO6,902,1
PbTiLaInO6,903,5
PbTiLiNbO6,904,5
PbTiLiVO6,905,1
PbTiMgTiO6,906,5
PbTiNaNbO6,907,2
PbTiNaSbO6,908,2
PbTiNaVO6,909,5
PbTiSnTiO6,910,2
PbTiSrGeO6,911,1
PbTiSrSiO6,912,4
PbTiSrSnO6,913,3
PbTiSrTiO6,914,5
PbTiTlNbO6,915,2
PbTiYAlO6,916,3
PbZrAgNbO6,917,2
PbZrBaSnO6,918,1
PbZrBaTiO6,167,3
PbZrCaGeO6,919,5
PbZrCaSiO6,920,2
PbZrCaSnO6,921,4
PbZrCaTiO6,285,3
PbZrCsVO6,922,4
PbZrGaNbO6,923,4
PbZrInNbO6,924,2
PbZrKNbO6,925,4
PbZrKSbO6,926,5
PbZrLaAlO6,927,1
PbZrLaGaO6,928,1
PbZrLaInO6,929,3
PbZrLiNbO6,930,3
PbZrLiVO6,931,2
PbZrMgTiO6,759,3
PbZrNaNbO6,932,4
PbZrNaSbO6,933,4
PbZrNaVO6,934,2
PbZrPbTiO6,935,5
PbZrRbNbO6,936,5
PbZrSnHfO6,886,2
PbZrSnTiO6,937,2
PbZrSnZrO6,938,1
PbZrSrGeO6,939,2
PbZrSrSiO6,940,4
PbZrSrSnO6,941,4
PbZrSrTiO6,942,4
PbZrTlNbO6,943,4
PbZrYAlO6,944,4
RbNbAgNbO6,945,4
RbNbBaSnO6,946,5
RbNbBaTiO6,947,2
RbNbCaGeO6,948,4
RbNbCaSiO6,949,5
RbNbCaSnO6,950,5
RbNbCaTiO6,951,1
RbNbGaNbO6,952,1
RbNbLaAlO6,953,3
RbNbLaGaO6,954,2
RbNbLaInO6,955,4
RbNbLiNbO6,956,5
RbNbMgTiO6,957,2
RbNbNaNbO6,958,2
RbNbNaSbO6,959,4
RbNbPbTiO6,960,5
RbNbSnTiO6,961,3
RbNbSnZrO6,962,1
RbNbSrGeO6,963,2
RbNbSrSiO6,964,1
RbNbSrSnO6,965,1
RbNbSrTiO6,966,3
RbNbTlNbO6,967,1
RbNbTlTaO6,968,1
RbNbYAlO6,969,5
RbTaAgNbO6,32,1
RbTaAgTaO6,970,3
RbTaBaSnO6,971,4
RbTaBaTiO6,972,3
RbTaCaGeO6,973,3
RbTaCaHfO6,974,5
RbTaCaSiO6,975,4
RbTaCaSnO6,976,4
RbTaCaTiO6,977,1
RbTaCaZrO6,978,1
RbTaCsNbO6,360,3
RbTaCsVO6,979,2
RbTaGaNbO6,439,5
RbTaGaTaO6,980,4
RbTaKNbO6,608,3
RbTaKSbO6,981,2
RbTaLaAlO6,982,4
RbTaLaGaO6,983,1
RbTaLaInO6,984,3
RbTaLaScO6,985,1
RbTaLiNbO6,712,1
RbTaLiTaO6,986,3
RbTaLiVO6,987,2
RbTaMgTiO6,988,5
RbTaMgZrO6,989,5
RbTaNaNbO6,829,3
RbTaNaSbO6,990,4
RbTaNaTaO6,991,4
RbTaNaVO6,992,2
RbTaPbHfO6,993,1
RbTaPbTiO6,994,5
RbTaPbZrO6,995,1
RbTaRbNbO6,996,5
RbTaSnHfO6,997,1
RbTaSnTiO6,998,5
RbTaSnZrO6,999,1
RbTaSrGeO6,1000,5
RbTaSrHfO6,1001,2
RbTaSrSiO6,1002,4
RbTaSrSnO6,1003,1
RbTaSrTiO6,1004,2
RbTaSrZrO6,1005,5
RbTaTlNbO6,968,1
RbTaTlTaO6,1006,4
RbTaYAlO6,1007,1
SnHfAgNbO6,1008,5
SnHfBaSnO6,1009,5
SnHfBaTiO6,82,5
SnHfCaGeO6,1010,2
SnHfCaSiO6,1011,5
SnHfCaSnO6,1012,2
SnHfCaTiO6,223,2
SnHfCsVO6,1013,5
SnHfGaNbO6,1014,4
SnHfGaTaO6,1015,2
SnHfInNbO6,1016,3
SnHfKNbO6,1017,4
SnHfLaAlO6,1018,4
SnHfLaGaO6,1019,2
SnHfLaInO6,1020,1
SnHfLiNbO6,1021,3
SnHfLiVO6,1022,5
SnHfMgTiO6,1023,3
SnHfNaNbO6,1024,3
SnHfNaSbO6,1025,5
SnHfNaVO6,1026,2
SnHfPbTiO6,885,4
SnHfRbNbO6,1027,3
SnHfSnTiO6,1028,5
SnHfSnZrO6,1029,2
SnHfSrGeO6,1030,2
SnHfSrSiO6,1031,2
SnHfSrSnO6,1032,3
SnHfSrTiO6,1033,2
SnHfTlNbO6,1034,1
SnHfYAlO6,1035,5
SnTiYAlO6,1036,5
SnZrAgNbO6,1037,3
SnZrBaSnO6,1038,1
SnZrBaTiO6,171,5
SnZrCaGeO6,1039,2
SnZrCaSiO6,1040,1
SnZrCaSnO6,1041,3
SnZrCaTiO6,288,1
SnZrCaZrO6,1042,1
SnZrCsVO6,1043,3
SnZrGaNbO6,1044,3
SnZrGaTaO6,1045,3
SnZrInNbO6,1046,3
SnZrKNbO6,1047,3
SnZrKSbO6,1048,1
SnZrLaAlO6,1049,3
SnZrLaGaO6,1050,5
SnZrLaInO6,1051,3
SnZrLiNbO6,1052,5
SnZrLiVO6,1053,2
SnZrMgTiO6,763,2
SnZrNaNbO6,1054,4
SnZrNaSbO6,1055,4
SnZrNaVO6,1056,1
SnZrPbTiO6,937,2
SnZrSnTiO6,1057,2
SnZrSrGeO6,1058,5
SnZrSrSiO6,1059,1
SnZrSrSnO6,1060,4
SnZrSrTiO6,1061,2
SnZrTlNbO6,1062,3
SnZrTlTaO6,1063,3
SnZrYAlO6,1064,4
SrGeAgNbO6,1065,5
SrGeCaGeO6,1066,4
SrGeCaSiO6,1067,3
SrGeCaSnO6,1068,3
SrGeCaTiO6,1069,3
SrGeLaAlO6,1070,2
SrGeLaGaO6,1071,4
SrGeLaInO6,1072,1
SrGeLiVO6,1073,2
SrGeMgTiO6,1074,2
SrGeSnTiO6,1075,4
SrGeYAlO6,1076,3
SrHfAgNbO6,1077,3
SrHfAgTaO6,1078,3
SrHfBaSnO6,87,5
SrHfBaTiO6,88,2
SrHfCaGeO6,225,4
SrHfCaSiO6,227,3
SrHfCaSnO6,228,5
SrHfCaTiO6,229,1
SrHfCsNbO6,1079,1
SrHfCsVO6,1080,2
SrHfGaNbO6,1081,4
SrHfGaTaO6,1082,4
SrHfInNbO6,1083,5
SrHfInTaO6,1084,4
SrHfKNbO6,1085,3
SrHfKSbO6,1086,3
SrHfLaAlO6,1087,2
SrHfLaGaO6,1088,4
SrHfLaInO6,1089,3
SrHfLiNbO6,1090,4
SrHfLiVO6,1091,5
SrHfMgTiO6,1092,4
SrHfMgZrO6,1093,5
SrHfNaNbO6,1094,2
SrHfNaSbO6,1095,5
SrHfNaVO6,1096,1
SrHfPbHfO6,1097,4
SrHfPbTiO6,890,2
SrHfPbZrO6,1098,1
SrHfRbNbO6,1099,2
SrHfSnHfO6,1100,4
SrHfSnTiO6,1033,2
SrHfSnZrO6,1101,1
SrHfSrGeO6,1102,1
SrHfSrSiO6,1103,1
SrHfSrSnO6,1104,4
SrHfSrTiO6,1105,5
SrHfSrZrO6,1106,4
SrHfTlNbO6,1107,2
SrHfTlTaO6,1108,4
SrHfYAlO6,1109,3
SrSiAgNbO6,1110,2
SrSiCaGeO6,1067,3
SrSiCaSiO6,1111,1
SrSiCaSnO6,1112,5
SrSiCaTiO6,1113,1
SrSiLaAlO6,1114,1
SrSiLaGaO6,1115,1
SrSiLaInO6,1116,4
SrSiLiNbO6,1117,5
SrSiLiVO6,1118,5
SrSiMgTiO6,1119,2
SrSiSnTiO6,1120,3
SrSiSrGeO6,1121,4
SrSiSrSnO6,1122,3
SrSiSrTiO6,1123,3
SrSiYAlO6,1124,1
SrSnAgNbO6,1125,5
SrSnCaGeO6,1068,3
SrSnCaSiO6,1112,5
SrSnCaSnO6,1126,3
SrSnCaTiO6,1127,5
SrSnLaAlO6,1128,1
SrSnLaGaO6,1129,3
SrSnLaInO6,1130,5
SrSnMgTiO6,1131,4
SrSnSnTiO6,1132,1
SrSnSrGeO6,1133,1
SrSnSrTiO6,1134,1
SrSnYAlO6,1135,5
SrTiAgNbO6,1136,3
SrTiCaGeO6,1069,3
SrTiCaSiO6,1113,1
SrTiCaSnO6,1127,5
SrTiCaTiO6,1137,1
SrTiLaAlO6,1138,3
SrTiLaGaO6,1139,4
SrTiLaInO6,1140,5
SrTiLiNbO6,1141,4
SrTiLiVO6,1142,2
SrTiMgTiO6,1143,4
SrTiSnTiO6,1144,3
SrTiSrGeO6,1145,2
SrTiYAlO6,1146,1
SrZrAgNbO6,1147,2
SrZrAgTaO6,1148,2
SrZrBaSnO6,175,2
SrZrBaTiO6,176,2
SrZrCaGeO6,289,3
SrZrCaSiO6,290,4
SrZrCaSnO6,291,3
SrZrCaTiO6,292,3
SrZrCsNbO6,1149,1
SrZrCsVO6,1150,5
SrZrGaNbO6,1151,1
SrZrGaTaO6,1152,2
SrZrInNbO6,1153,4
SrZrInTaO6,1154,5
SrZrKNbO6,1155,1
SrZrKSbO6,1156,5
SrZrLaAlO6,1157,1
SrZrLaGaO6,1158,2
SrZrLaInO6,1159,4
SrZrLiNbO6,1160,1
SrZrLiTaO6,1161,4
SrZrLiVO6,1162,5
SrZrMgTiO6,768,3
SrZrMgZrO6,1163,4
SrZrNaNbO6,1164,2
SrZrNaSbO6,1165,3
SrZrNaVO6,1166,5
SrZrPbHfO6,1098,1
SrZrPbTiO6,942,4
SrZrPbZrO6,1167,4
SrZrRbNbO6,1168,5
SrZrSnHfO6,1101,1
SrZrSnTiO6,1061,2
SrZrSnZrO6,1169,4
SrZrSrGeO6,1170,3
SrZrSrSiO6,1171,2
SrZrSrSnO6,1172,2
SrZrSrTiO6,1173,3
SrZrTlNbO6,1174,4
SrZrTlTaO6,1175,1
SrZrYAlO6,1176,5
TlNbAgNbO6,1177,5
TlNbBaSnO6,1178,4
TlNbBaTiO6,1179,3
TlNbCaGeO6,1180,1
TlNbCaSiO6,1181,5
TlNbCaSnO6,1182,1
TlNbCaTiO6,1183,4
TlNbGaNbO6,1184,2
TlNbLaAlO6,1185,4
TlNbLaGaO6,1186,4
TlNbLaInO6,1187,4
TlNbLiNbO6,1188,1
TlNbMgTiO6,1189,3
TlNbNaNbO6,1190,3
TlNbNaSbO6,1191,4
TlNbSnTiO6,1192,3
TlNbSrGeO6,1193,3
TlNbSrSiO6,1194,2
TlNbSrSnO6,1195,3
TlNbSrTiO6,1196,5
TlNbTlTaO6,1197,3
TlNbYAlO6,1198,1
TlTaAgNbO6,40,4
TlTaAgTaO6,1199,4
TlTaBaSnO6,1200,3
TlTaCaGeO6,1201,5
TlTaCaSiO6,1202,2
TlTaCaSnO6,1203,1
TlTaCaTiO6,1204,4
TlTaCsNbO6,371,1
TlTaGaNbO6,445,4
TlTaKNbO6,619,3
TlTaKSbO6,1205,4
TlTaLaAlO6,1206,1
TlTaLaGaO6,1207,3
TlTaLaInO6,1208,4
TlTaLiNbO6,721,1
TlTaMgTiO6,1209,2
TlTaNaNbO6,839,4
TlTaNaSbO6,1210,5
TlTaPbTiO6,1211,2
TlTaPbZrO6,1212,2
TlTaSnHfO6,1213,4
TlTaSnTiO6,1214,2
TlTaSrGeO6,1215,1
TlTaSrSiO6,1216,3
TlTaSrSnO6,1217,5
TlTaSrTiO6,1218,5
TlTaYAlO6,1219,4
