element,n_test,RMSE_baseline_RF_eV,RMSE_site_RF_eV
Ag,98,0.9390,1.0520
Al,102,1.5458,1.5356
Ba,198,1.1550,0.3512
Ca,293,1.2942,0.4045
Cs,139,1.4572,0.7235
Ga,145,1.0786,0.5515
Ge,151,1.0048,0.5757
Hf,250,1.1652,0.8856
In,100,1.7699,1.3787
K,143,1.0201,0.2594
La,201,1.4740,0.9652
Li,144,1.4656,0.4682
Mg,101,1.2020,0.5469
Na,191,1.5438,0.3851
Nb,390,1.1387,0.8111
Pb,151,1.8484,1.5755
Rb,98,0.6188,0.2061
Sb,98,0.9859,0.7018
Sc,52,1.5366,0.7558
Si,100,1.4812,0.8410
Sn,293,1.0859,0.6655
Sr,292,1.1635,0.3852
Ta,390,1.0475,0.7008
Ti,331,1.0223,0.8581
Tl,96,1.9443,0.4298
V,132,2.3733,2.2442
Y,51,1.5140,0.8414
Zr,297,1.2511,0.5669
